restraint_number,proton_a,proton_b,distance_ab,upper_lower_bound_ab
1,Ala1 HN,Ala1 HB*,2.8,0.4
2,Ala1 HA,Ala1 HB*,2.1,0.3
3,Nleu2 HAa,Nleu2 HAb,1.7,0.3
4,Nleu2 HAa,Nleu2 HBa,3.6,0.5
5,Nleu2 HAa,Nleu2 HBb,4.7,0.7
6,Nleu2 HAa,Nleu2 HD*,3.6,0.5
7,Nleu2 HAa,Nleu2 HDa*,3.6,0.5
8,Nleu2 HAb,Nleu2 HBb,2.6,0.4
9,Nleu2 HAb,Nleu2 HG,2.4,0.4
10,Nleu2 HAb,Nleu2 HDa*,2.8,0.4
11,Nleu2 HAb,Nleu2 HDb*,3.4,0.5
12,Nleu2 HBa,Nleu2 HBb,1.8,0.3
13,Nleu2 HBa,Nleu2 HDa*,2.8,0.4
14,Nleu2 HBa,Nleu2 HDb*,2.5,0.4
15,Nleu2 HBb,Nleu2 HDa*,2.5,0.4
16,Nleu2 HBb,Nleu2 HDb*,3.0,0.5
17,Nleu2 HG,Nleu2 HD*,1.9,0.3
18,Phe3 HN,Phe3 HA,3.0,0.5
19,Phe3 HN,Phe3 HB*,2.6,0.4
20,Phe3 HA,Phe3 HD*,2.8,0.4
21,Phe3 HB*,Phe3 HD*,2.2,0.3
22,Tether4 HN,Tether4 HA,3.1,0.5
23,Tether4 HN,Tether4 HBa,4.2,0.6
24,Tether4 HN,Tether4 HBb,2.8,0.4
25,Tether4 HN,Tether4 HGa,4.2,0.6
26,Tether4 HN,Tether4 HE*,2.6,0.4
27,Tether4 HA,Tether4 HBa,2.7,0.4
28,Tether4 HA,Tether4 HGa,3.6,0.5
29,Tether4 HA,Tether4 HDa,2.3,0.3
30,Tether4 HBa,Tether4 HDa,3.2,0.5
31,Tether4 HBa,Tether4 HE*,2.4,0.4
32,Tether4 HGa,Tether4 HGb,1.8,0.3
33,Tether4 HDa,Tether4 HDb,1.7,0.3
34,Ala1 HN,Nleu2 HBa,4.0,0.6
35,Ala1 HN,Tether4 HA,3.9,0.6
36,Ala1 HN,Tether4 HGa,3.6,0.5
37,Ala1 HN,Tether4 HGb,3.0,0.5
38,Ala1 HN,Tether4 HDa,2.3,0.3
39,Ala1 HA,Nleu2 HBa,2.0,0.3
40,Ala1 HA,Nleu2 HBb,3.2,0.5
41,Ala1 HA,Nleu2 HG,2.7,0.4
42,Ala1 HA,Nleu2 HDa*,3.6,0.5
43,Ala1 HA,Nleu2 HDb*,2.6,0.4
44,Nleu2 HAa,Phe3 HN,2.5,0.4
45,Nleu2 HAb,Phe3 HN,4.4,0.7
46,Nleu2 HBa,Phe3 HN,4.8,0.7
47,Phe3 HN,Tether4 HN,3.8,0.6
48,Phe3 HA,Tether4 HN,2.2,0.3
49,Phe3 HD*,Tether4 HN,3.8,0.6
50,Phe3 HD*,Tether4 HA,4.0,0.6
51,Phe3 HD*,Tether4 HE*,3.9,0.6
52,Phe3 HE*,Tether4 HN,4.7,0.7
53,Phe3 HE*,Tether4 HE*,3.8,0.6
54,Ala1 HN,Phe3 HN,3.5,0.5
55,Ala1 HB*,Phe3 HN,4.6,0.7
56,Nleu2 HBa,Tether4 HGa,4.2,0.6
57,Nleu2 HBa,Tether4 HGb,3.5,0.5
